Anglo China Sourcing Ltd,Anglo China Sourcing Ltd,United Kingdom,info@anglochinasourcing.biz,Langham Barn Business Centre Langham Lane Langham Essex CO4 5ZS United Kingdom,+44 1206 273687,+44 1206 273687
Antares Ltd,Antares Ltd,Bulgaria,antares@antares.bg,135 Lipnik Blvd Rousse Rousse 7013 Bulgaria,+359 82 841985,+359 82 841986
Atlas Paint Brushes and Accessories,Atlas Paint Brushes and Accessories,Brazil,cesarco@pinceisatlas.com.br,BR116 - KM258 Esteio Rio Grande do Sul 93270-000 Brazil,+55 51 34585800,55 - 51 - 34585800
Attenborough Brush Ltd,Attenborough Brush Ltd,United Kingdom,info@attenborough.com,Viscosa House George Street Nottingham Notts NG1 3BN United Kingdom,+44 115 9473562,+44 115 9509086
Bee Gee Brushes,Bee Gee Brushes,United Kingdom,richard@beegeebrushes.com,Unit 2a Saxon Park Industrial Estate Hanbury Road Stoke Prior Bromsgrove Worcs B60 4AD United Kingdom,+44 1527 837001,+44 1527 837001
Brush Expert Ltd,Brush Expert Ltd,United Kingdom,info@brushexpert.com,PO Box 1288 Crawley West Sussex RH10 0NB United Kingdom,+44 (0) 1604 648401,
Brush Technology Limited (Brushtec),Brush Technology Limited (Brushtec),United Kingdom,info@brushtec.com,3 Throckley Industrial Estate Westway Industrial Park Throckley Newcastle upon Tyne Tyne & Wear NE15 9EW United Kingdom,+44 1912 291666,+44 1912 291777
Cascade Products Ltd,Cascade Products Ltd,United Kingdom,info@cascadeproductsltd.com,20 Cross Street Enderby Leicester Leicestershire LE19 4NJ United Kingdom,+44 116 286 2260,+44 115 275 0449
Cepillos La Iberica SA,Cepillos La Iberica SA,Spain,leopardo@leopardo.net,Rua do Telleiro 15 Ponte Noalla San Cibrao das Vinas Ourense 32915 Spain,+34 98 8223050,+34 98 8251677
Charles Bentley & Son Ltd,Charles Bentley & Son Ltd,United Kingdom,michael.prime@bentleybrushware.co.uk,Central House Monarch Way Loughborough Leicestershire LE11 5TP United Kingdom,+44 1509 232757,+44 1509 233861
Covema Filaments Ltd,Covema Filaments Ltd,India,taher@covemafilaments.com,14 B Cochin Special Economic Zone Kakkanad Kochi Kerala 6820037 India,+91 484 2413258,
Crown Artist Brush Ltd,Crown Artist Brush Ltd,United Kingdom,r.llewellyn@colart.co.uk,Crown Works Crown Street West Lowestoft Suffolk NR31 1SG United Kingdom,+44 1502 573142,+44 1502 562272
Daler Rowney,Daler Rowney,United Kingdom,matthew.harding@daler-rowney.com,PO Box 10 Bracknell Berkshire RG12 8ST United Kingdom,+44 1344 461064,+44 1344 427943
Denman International Ltd,Denman International Ltd,United Kingdom,sales@denmanbrush.com,Clandeboye Road Bangor Co Down BT20 3JH United Kingdom,+44 28 9146 2141,+44 28 9145 1654
DS Commodities Ltd,DS Commodities Ltd,United Kingdom,karen@dscommodities.co.uk,Rannoch House 46 Main Street Queniborough Leicester LE7 3DA United Kingdom,+44 116 264 0461,+44 116 264 0584
Erskine Dental,Erskine Dental,Australia,sales@erskinedental.com,PO Box 200 Macksville NSW 2447 Australia,+61 265 683773,+61 265 683774
Fabrica De Brochas Perfect SA de CV,Fabrica De Brochas Perfect SA de CV,Mexico,rrk@brochasperfect.com.mx,Calle 4 No 32 Naucalpan Edo de Mexico CP 53370 Mexico,+52 555 5762444,+52 555 5762832
FBK,FBK,Denmark,ks@fbk.dk,Teknikvej 53 Odense S 5260 Denmark,+45 66 143661,+45 66 143123
Ferrois Ltd Industrial Brushes,Ferrois Ltd Industrial Brushes,Israel,ramati@Ferrois.com,18 Hamelacha Industry zone - Park Afek Rosh Ha'Hayin 48091 Israel,+972 3 9030657,+972 3 9030659
FM Brush (Thailand) Co Ltd,FM Brush (Thailand) Co Ltd,Thailand,brush@fmtbrush.com,297 Moo 13 Highway No 11 T Makhueajae Amphur Muang Lamphun 51000 Thailand,+66 5 3581044,+66 5 3581046
H G Rant Ltd,H G Rant Ltd,United Kingdom,info@hgrant-brushmakers.co.uk,Oakmead Works Desborough Street High Wycombe Bucks HP11 2LX United Kingdom,+44 1494 539113,+44 1494 539114
Hamilton Acorn Ltd,Hamilton Acorn Ltd,United Kingdom,enquiries@hamilton-acorn.co.uk,Halford Road Attleborough Norfolk NR17 2HZ United Kingdom,+44 (0)1953 453201,
Haug Buersten ,Haug Buersten ,Germany,haugbuersten@t-online.de,Follstrasse 6 Postfach 1162 Koenigsbrunn 86329 Germany,+49 8231 96300,+49 8231 963096
Hillbrush (The Hill Brush Co Ltd),Hillbrush (The Hill Brush Co Ltd),United Kingdom,info@hillbrush.com,Norwood Park Mere Wiltshire BA12 6FE United Kingdom,+44 1747 860494,+44 1747 860137
IBEX Industrial Brushes,IBEX Industrial Brushes,United Kingdom,sales@ibexindustrialbrushes.com,Ibex House Malt Mill Lane Halesowen W Midlands B62 8JJ United Kingdom,+44 1215 593862,+44 1215 599404
Jobo Borstelfabriek BV,Jobo Borstelfabriek BV,Netherlands,info@jobo-borstels.nl,Dr A Philipsstraat 5 Hoogeveen Drenthe 7903 AL Netherlands,+31 528 275151,
Kartacovna Kolovec spol sro,Kartacovna Kolovec spol sro,Czech Republic ,trade@kartacovnakolovec.cz,Domazlicka 145 Kolovec 345 43 Czech Republic,+420 37 949 4421,+420 37 949 4234
Kent Brushes,Kent Brushes,United Kingdom,Ben@kentbrushes.com,London Road Apsley Hemel Hempstead Herts HP3 9SA United Kingdom,+44 1442 232623,+44 1442 231672
L G Harris & Co Ltd,L G Harris & Co Ltd,United Kingdom,sales@lgharris.co.uk,Stoke Prior Bromsgrove Worcestershire B60 4AE United Kingdom,+44 1527 575441,+44 1527 570522
La Brosse,La Brosse,Tunisia,info@labrosse.tn,Zone Industrielle La Charguia 1 Tunis 2035 Tunisia,+216 71 787686,+216 71 781 841
New Zealand Brush Co,New Zealand Brush Co,New Zealand,sales@nzbrush.co.nz,4 Otaki Street Dunedin Otago 9054 New Zealand,+64 34 564400,+64 34 564401
Niveta D D Buerstenfabrik,Niveta D D Buerstenfabrik,Croatia,marketing@niveta.hr,Jablanova Str 23 Osijek HR 31000 Croatia,+385 31 297199,+385 31 297277
Nour Handcrafted Painting Tools,Nour Handcrafted Painting Tools,Canada,nour@nour.com,637 Colby Drive Waterloo Ontario N2V 1B4 Canada,+1 519 8867171,+1 519 8869744
Pioneer Brush Co Ltd,Pioneer Brush Co Ltd,United Kingdom,petersamuel@pioneerbrush.com,Stross House Broad Street Dewsbury West Yorkshire WF13 3SA United Kingdom,+44 2032 394821,UK mobile; +44 78256 50626
PPUH Ma Do Jacek Lech,PPUH Ma Do Jacek Lech,Poland,biuro@mado.net.pl,ul. Poprzeczna 8 Ceglow 05-319 Poland,+48 25 757 02 07,+48 25 757 07 08
Ravi Industries Ltd,Ravi Industries Ltd,Sri Lanka,commercial@ravi.hayleys.com,252/A Kurunduwatta Road Ekala Ja-Ela 11350 Sri Lanka,+94 11 2226711,+94 11 2232874
Samtessi Brush Manufacturers (PVT) Limited,Samtessi Brush Manufacturers (PVT) Limited,Sri Lanka,lalithj@dsisamson.com,110 Kumaran Ratnam Road Colombo 02 Sri Lanka,+94 11 2131800,+94 11 2131777
Sark Brush Industry co,Sark Brush Industry co,Turkey,info@sarkfirca.com,Arapcamii Mah. Kardesim Sokak No.1 Karakoy Beyo&#287;lu Istanbul 34421. Turkey,+90 212 2937615,+90 212 2453334
Stoddard Manufacturing Co Ltd,Stoddard Manufacturing Co Ltd,United Kingdom,mgage@stoddard.co.uk,Blackhorse Road Letchworth Herts SG6 1HB United Kingdom,+44 1462 686 221,+44 1462 480 711
Sweepa,Sweepa,Netherlands,anneli@sweepa.com,Dek 8 Almere 1319BB 6057 Netherlands,+31 6 212 82095,
Talus Industries NZ Limited,Talus Industries NZ Limited,New Zealand,v.fiala@talusindustries.co.nz,24 26 Cambridge Street Levin 5510 New Zealand,+64 027 353 3478,
Tanzania Brush Products Ltd,Tanzania Brush Products Ltd,Tanzania,tbp@brush.co.tz,Plot 37 A Nyerere Road PO Box 9382 Dar Es Salaam Tanzania,+255 2 22863339,+255 22 2865274
Technische Industrie Buersten Ingrisch GmbH (TIB),Technische Industrie Buersten Ingrisch GmbH (TIB),Austria,buersten@tib.at,Inkustrasse 24 Klosterneuburg 3400 Austria,+43 2243 2446419,+43 2243 2446421
Thanh Binh Paint Brush Manufacturing Enterprise,Thanh Binh Paint Brush Manufacturing Enterprise,Vietnam,contact@thanhbinhpaintbrush.com,56/70 Duong Ba Trac Street Ward 2 Dis 8 HCM City 70000 Vietnam,+84 838511951,+84 838 568414
Utkarsh Brush Works,Utkarsh Brush Works,India,ubw14@yahoo.com,235 Adarsh Industrial Estate Chakala Sahar Road Andheri (East) Mumbai Maharashtra 400 099 India,+9122 28386594,+91 22 28386594
Veti Anton Vamberger s.p.,Veti Anton Vamberger s.p.,Slovenia,veti.sp@siol.net,Zlatnarjeva pot 16 Kranj 4000 Slovenia,+386 41 767 372,
Vikan A/S,Vikan A/S,Denmark,vikan@vikan.com,Raevevej 1 Skive Denmark 7800 Denmark,+45 96 142600,+45 96 142655
Warna Exporters PVT Ltd,Warna Exporters PVT Ltd,Sri Lanka,sales@warnaexporters.com,Industrial Park Kandanapitiya Bope Padukka 10500 Sri Lanka,+94 344 928900,+94 344 298197
WELDON Brush Mfg,WELDON Brush Mfg,India,global@weldonbrushes.com,M/s Weldon Industries Lal Kothi Civil Lines Moradabad Uttar Pradesh 244 001 India,+91 59 12417211,+91 93 59705911
Zdenek Vala Brush Manufacture,Zdenek Vala Brush Manufacture,Czech Republic ,vala@uh.cz,Sokolovska 1763 Uherske Hradiste 68601 Czech Republic,+420 57 2570648,+420 57 2551008
A & B Buersten Technik AG,A & B Buersten Technik AG,Switzerland,,Hof Lichtensteig SG 9620 Switzerland,+41 71 9876100,+41 71 9876101
Abrasivos Kumex SL,Abrasivos Kumex SL,Spain,,Poligono Industrial Can Carner C Montsia 56 Castellar del Valles Barcelona 08211 Spain,+34 93 77471095,+34 93 3807472
Academy Brushware,Academy Brushware,South Africa,,2 President Street Germiston 1400 South Africa,+27 11 8731266,+27 11 8733464
ACE Oldfields PT,ACE Oldfields PT,Indonesia,,Gedung Mitramas 5th Floor Jl Sunter Permai Raya Blok A1 1-4 Jakarta 14350 Indonesia,+62 21 6408734,+62 21 6408748
Adams Bros,Adams Bros,United Kingdom,,Unit 12 Lyndean Ind Est Felixstowe Rd London SE2 9SG United Kingdom,+44 2083 114935,+44 2088 3116853
Addonstone AB,Addonstone AB,Sweden,,Lovsjovagen 15 Jonkoping 55631 Sweden,+46 36 327755,+46 36 132260
Advance Brushware,Advance Brushware,South Africa,,43 Clare Rd Fordsburg Johannesburg 2092 South Africa,+27 11 8340520,+27 86 6688623
AGD Pasterski,AGD Pasterski,Poland,,Miroslaw Pasterski Nadmenska 4 Kobylka 05 230 Poland,+48 22 7863686,+48 22 7868666
AgroTwine pvt Ltd,AgroTwine pvt Ltd,Sri Lanka,,504 A Maples Street Wennappuwa 61170 Sri Lanka,+94 31 2254728,+94 31 2255277
Ahsem Ticaret ve Imalat Sanayi,Ahsem Ticaret ve Imalat Sanayi,Turkey,,Ankara Caddesi Atak Garajl 9/K MERKEZ - ADAPAZARI SAKARYA 54040 Turkey,+90 264 2780407,+90 264 2786595
Akor srl,Akor srl,Russia,,18 Petrozavodskaya Novosibirsk 630040 Russia,+7 383 2905165,+7 383 2905737
Alba Rulo SL,Alba Rulo SL,Spain,,P I Campollano C L No 7 Albacete 02007 Spain,+34 96 7218812,+34 96 7214468
Albert Bieringer GmbH Artist Brushes ,Albert Bieringer GmbH Artist Brushes ,Germany,,Obere Jahnstr 1 Postfach 1122 Bechhofen 91572 Germany,+49 9822 240,+49 9822 5561
Alco SA,Alco SA,Switzerland,,Avenue de la Concorde 18 Chavannes-près-Renens VD 1022 Switzerland,+41 21 6374777,+41 21 6374779
Alfredo Llimona S.A.,Alfredo Llimona S.A.,Spain,,Bosch i Gimpera 45 Pol Ind Sta Magarida II Terrassa Barcelona 08223 Spain,+34 93 736 23 40,
Almacenes El Pardo SA de CV,Almacenes El Pardo SA de CV,Mexico,,Av Centenario 138 Col El Carmen Coyoacan CP 04100 Mexico,+52 555 6581463,+52 555 2070644
Alpha Polymers,Alpha Polymers,India,,353 A Sanganoor Road Ganapathy Coimbatore Tamil Nadu 641 006 India,+91 42 22331098,+91 42 2233 2690
Ambika Brush,Ambika Brush,India,,Plot No. 28 S.M.I.E PH-1  (Adjacent Orient Fans)20/2  Faridabad - 121006 India Faridabad Haryana 121006 India,1294003142,
Ambika Enterprises,Ambika Enterprises,India,,Plot No. 28 S.M.I.E PH-1 (Adjacent Orient Fans)20/2 Faridabad Faridabad 121006 India,9810332366,
Anhui Jing County ChunYa Craft Arts Produts Co Ltd ,Anhui Jing County ChunYa Craft Arts Produts Co Ltd ,China,,Langqiao Town Jing County Anhui Province 242538 China,+86 563 5620297,+86 563 5620457
Anvil Tool Company,Anvil Tool Company,United Kingdom,,Anvil House Beechcroft Road Ipswich Suffolk IP1 6BB United Kingdom,+44 1473 431226,+44 844 358 2660
Aone Brushes (India),Aone Brushes (India),India,,Jain Temple Street Sherkot Bijnore Uttar Pradesh 246747 India,+91 13 44245073,+91 13 44231328
Aparisi Cepillos ,Aparisi Cepillos ,Spain,,C/Alqueria de Ropilla sn Bonrepos I Mirambell Valencia 46131 Spain,+34 96 1869360,+34 96 1869361
Apex International,Apex International,India,,Plot 2 Nandnagar Industrial Estate Phase 1 Mahuakera Ganji Kashipur U S Nagar Uttrakhand 244713 India,+91 9897857077,
Apollo Brush Manufacturers,Apollo Brush Manufacturers,South Africa,,105 Ellman St Sunderlandridge Centurion Pretoria 0157 South Africa,+27 12 666 8049,+27 12 666 7372
AquaStar Inc ,AquaStar Inc ,United States,,6421 E Alondra Blvd Paramount CA 90723 United States,+1 562 663730,+1 562 6631735
Arrina Industrial Services Ltd,Arrina Industrial Services Ltd,Kenya,,P O Box 32145 00600 Nanyuki Road Industrial Area Nairobi Kenya,+254 2 0553698,+254 2 0553698
Arrow Industries,Arrow Industries,India,,H-1/1393 Phase-5 Bhiwadi Alwar Rajasthan India 301019 India,9887512722,
AS Handover Ltd,AS Handover Ltd,United Kingdom,,1 Farleigh Place London N16 7SX United Kingdom,+44 207 254 0088,+44 207 241 5877 F
Ashish Brush Works,Ashish Brush Works,India,,A 47 Royal Industrial Eastate Wadala Bombay 400031 India,+91 22 4150657,+91 22 24150657
Associated Industrial Brush Company Ltd,Associated Industrial Brush Company Ltd,Canada,,577 Secretariat Court Mississauga ON L5S 2A5 Canada,+1 905 5651722,+1 905 5651721
Astro MB SL,Astro MB SL,Spain,,C Ciudad de Alcoy 8 P I Fte Jarro Valencia Valencia 46988 Spain,+34 96 1325876,+34 96 1324602
Atlas Graham Furgale,Atlas Graham Furgale,Canada,,PO Box 1978 1725 Sargent Avenue Winnipeg Manitoba R3C 3R3 Canada,-5429,1-204-775-6148
Banat Firca ve Plastik San AS,Banat Firca ve Plastik San AS,Turkey,,Seyrantepe Imamcesme Cad Gecici 48 Sok 10 4 Levent Istanbul 34418 Turkey,+90 212 2890150,+90 212 2890829
Bangalore Brushware,Bangalore Brushware,India,,12/2 4th Main Madiwala New Extn Bangalore 560068 India,+91 80 25533255,+91 80 25501979
Baysan Industrial Brushes,Baysan Industrial Brushes,Turkey,,100 Yil Bulvari 31/A Sokak 12 Ostim Yenimahalle Ankara 06370 Turkey,+90 31238 53570,+90 3123 546406
BDS,BDS,Poland,,Redycka 60 Wroclaw 51 169 Poland,+48 71 3968098,+48 71 3968099
Beira Brush Ltd,Beira Brush Ltd,Sri Lanka,,No 48 level 3 Parkway Building Park Street Colombo 2 Sri Lanka,+94 11 2307168,+94 11 2307169
Bell Brush Co,Bell Brush Co,United Kingdom,,286 Alma Road Enfield Middlesex EN3 7BB United Kingdom,+44 208 804 4144,+44 2088 044035
Best Manufacturers Inc ,Best Manufacturers Inc ,United States,,6105 NE 92nd Dr Portland OR 97294 United States,+1 503 2531528,+1 503 2530878
Bettanin Industrial SA,Bettanin Industrial SA,Brazil,,Rodovia BR 116 Km 258 Esteio RS 93270 000 Brazil,+55 51 3473 9518,
Birlesik Firca San VE Tic AS,Birlesik Firca San VE Tic AS,Turkey,,Universite Mah Firuzkoy Bulvari 28 Avcilar Istanbul 34320 Turkey,+90 212  591 14 16,+90 212 591 70 55
Bodecare,Bodecare,Australia,,2 Greenwood Street Springfield Lakes QLD 4300 Australia,+617 3288 2832,
Boma ,Boma ,Belgium,,Schoonmaakmaterialen Noorderlaan 131 Antwerpen 2030 Belgium,+32 32 313389,+32 32 028499
Bowi Minisystem sc ,Bowi Minisystem sc ,Poland,,Warynskiego 51 Bielawa 58260 Poland,+48 74 833 17 66,+48 74 8320 428
BPR Robello SL,BPR Robello SL,Spain,,C Jaume 1 16 Ripollet Barcelona 08291 Spain,+34 93 5803693,+34 93 6910057
Bracon Ltd,Bracon Ltd,United Kingdom,,High Street Etchingham East Sussex TN19 7AL United Kingdom,+44 1580 817000,+44 1580 819455
Bristles and Brushes,Bristles and Brushes,Algeria,,Cite les Bananiers Batiment A40 2 Mohamadia Alger 16000 Algeria,+213 21 201652,+213 21 205381
Brochas Tijuana SA de CV,Brochas Tijuana SA de CV,Mexico,,San Esteban 85 Col Barrio San Esteban Atzcapotzalco Mexico City 02040 Mexico,+52 55 5353 0102,+52 55 5353 0102
Brosserie Brenet SA,Brosserie Brenet SA,France ,,45 Rue des Ors BP 1001 Niort Cedex 79010 France,+33 549 330 069,+33 549 334 445
Brosserie du Sahel,Brosserie du Sahel,Morocco,,Lot 88 ZI du sahel B P 119 KM28 Route d'El Jadida Had soualem 26400 Morocco,+212 2 2964670,+212 2 2964671
Browns Brushware Ltd,Browns Brushware Ltd,New Zealand,,PO Box 15010 New Lynn 22 24 Portage Road New Lynn Auckland 0640 New Zealand,+64 98 273224,+64 98 272547
Brush Mate,Brush Mate,United Kingdom,,Frodsham Business Centre Bridge lane Frodsham Cheshire WA6 7FZ United Kingdom,+44 1928 734171,+44 1928 739710
Brush Tech India,Brush Tech India,India,,547/2 R V Road Bangalore Karnataka 560004 India,+91 80 26563210,+91 80 26563572
Brushcom,Brushcom,Netherlands,,Angelenweg 51 Oss Noord Brabant 5349TA Netherlands,+31 412 691555,+31 412 691251
Brushes North West Ltd,Brushes North West Ltd,United Kingdom,,Unit 18 Offerton Ind Estate Hempshaw Lane Stockport Cheshire SK2 5TJ United Kingdom,+44 1614 774805,+44 1614 290672
Buckeye Manufacturing Corp ,Buckeye Manufacturing Corp ,United States,,9601 York Alpha Dr North Royalton OH 44133 United States,+1 440 5823400,+1 440 2375368
Bursh and Brushes,Bursh and Brushes,India,,3 Shoba Apartments Matildes Xavier Barretto Road Margao Margao Goa 403601 India,+91 832 2703228,9.19E+11
C&M Artist Brushes Ltd,C&M Artist Brushes Ltd,Israel,,Industrial Area No 5 POB 345 Ma'alot 21013 Israel,+972 4 9973873,+972 4 9974707
Cadi Commerce,Cadi Commerce,Kosovo,,Babush i Ri Zona Industriale Ferizaj 70000 Kosovo,+381 290 365 777,+381 290 365 777
Cancot Industries Inc,Cancot Industries Inc,Canada,,1700 Beaulac St Laurent Montreal Quebec H4R 1W8 Canada,+1 514 3338530,+1 514 3338537
Cano SA,Cano SA,Spain,,Poligono Su Eminencia C B 4 Seville Seville 41006 Spain,+34 95 4663653,+34 95 4663054
Cappah International ,Cappah International ,Pakistan,,73 6K Commercial Phase 1 DHA Lahore Pakistan,+92 42 5709886,+92 42 5709887
Casa Vigar SL,Casa Vigar SL,Spain,,Partida Plans Parcelas 331 334 Gata De Gorgos Alicante 03740 Spain,+34 96 5757035,+34 96 5757153
"Casalfe, S.L.","Casalfe, S.L.",Spain,,Campogiro 58 Santander Cantabria 39011 Spain,+34 942 33 26 02,+34 942 336 408
CC Hansen A/S,CC Hansen A/S,Denmark,,Elisagaardsvej 14 Roskilde 4000 Denmark,+45 46 350299,+45 46 351155
CE Brush Manufacturing Sdn Bhd,CE Brush Manufacturing Sdn Bhd,Malaysia,,60 Lorong Mak Madin 5/3 Kawasan Perindustrian mak Mandin Butterworth Penang 13400 Malaysia,+60 4 3311008,+60 4 3237971
CE Lindgren Ab Oy,CE Lindgren Ab Oy,Finland,,Teollisuustie 15 P O Box 18 Porvoo 06151 Finland,+358 19 536010,+358 19 5246618
Cepilleria Catalana SL,Cepilleria Catalana SL,Spain,,Passatge la Carola 10 Polig Ind Les Corts Cabrera de Mar Barcelona 08349 Spain,+34 937 566 124,+34 933 969 953
Cepillos el Castor SA de CV,Cepillos el Castor SA de CV,Mexico,,Av E Diaz de Leon 653 Co. Artesanos Zona Centro Guadalajara Jalisco 44200 Mexico,+52 333 8263536,+52 3338262805
Cepillos Industriales Triunfo SA,Cepillos Industriales Triunfo SA,Argentina,,Moron 4426 Capital Buenos Aires 1407 Argentina,+54 11 46360655,+54 11 46714317
Cepillos Marino SL,Cepillos Marino SL,Spain,,Rue Pascual Veiga 7 Vallagarcia De Arosa Pontevedra 36600 Spain,+34 98 6565052,+34 98 6501726
Cepindus SA,Cepindus SA,Argentina,,Diego Rosales 635 e/Arroyo Moron y Diego Caravajal Hurlingham Buenos Aires 1686 Argentina,+54 11 4665 2537,+54 46 62 6610
Chak Yuen Industrial Ltd ,Chak Yuen Industrial Ltd ,Hong Kong,,Rm 3 8 F Wah Yiu Industrial Building 30 32 Au Pui Wan Street Fotan Hong Kong,+852 2427 2161,+852 2487 1323
CIFAP,CIFAP,France,,418 Rue de Villiers Coudun 60150 France,+33 344833815,+33 344 900357
Cixi Zhihong Commodity Co Ltd ,Cixi Zhihong Commodity Co Ltd ,China,,No 36 Changbai Road Kandun Town Cixi Zhejiang 315303 China,+86 574 630 18694,+86 574 6301 8035
Claydon Creations Ltd,Claydon Creations Ltd,United Kingdom,,5 Fourth Avenue Bluebridge Industrial Estate Halstead Essex CO9 2SY United Kingdom,+44 1787 472939,+44 1787 474118
Clorox,Clorox,Chile,,Av Americo Vespucio 0701 Quilicura Santiago 7501369 Chile,+56 2 7301900,+56 2 7306370
Clow Group Ltd,Clow Group Ltd,United Kingdom,,185 Broad Street Glasgow G40 2QR United Kingdom,+44 1415 546272,+44 1415 510813
Corin Broom Manufacturing,Corin Broom Manufacturing,Canada,,99B Tuscan Gate Downsview Toronto Ontario M3J 2T5 Canada,+1 416 6304566,+1 416 6302546
Cottam Brush Ltd,Cottam Brush Ltd,United Kingdom,,Unit 7 Monkton Business Park North Hebburn Tyne & Wear NE31 2JZ United Kingdom,+44 (0) 191 4282510,+44 (0) 191 4283078
Crown Meakins Inc,Crown Meakins Inc,Canada,,300 Rue Sauvé Ouest Montreal Quebec H3L 1Z4 Canada,+1 514 3840710,+1 514 3840719
Crownbrush UK,Crownbrush UK,United Kingdom,,Hornbeams House Waterhouse Lane Kingswood Surrey KT20 6LF United Kingdom,+44 1737 830400,+44 1737 830700
Cypriot Jordanian Company for Decorating Tools,Cypriot Jordanian Company for Decorating Tools,Jordan,,Zarqa Jordan,+962 5 3826131,+962 5 3826130
Daniel Industrial Co Ltd,Daniel Industrial Co Ltd,"Korea, South",,4F 219 4 Jamsil Dong Songpa-Ku Seoul 138 220 Korea South,+82 24 251161,+82 24 251165
Danline International Ltd,Danline International Ltd,United Kingdom,,Nebo Road Llanrwst Conwy North Wales LL26 0SE United Kingdom,+44 1492 640651,+44 1492 642066
DAY-system as (Stiwex),DAY-system as (Stiwex),Denmark,,Erhvervsvej 25 Rødovre DK-2610 Denmark,+45 70 15 88 00,
Decorating Direct Ltd,Decorating Direct Ltd,United Kingdom,,Unit G1 Commerce Way Middlesbrough Cleveland TS6 6UR United Kingdom,01642 468900,01642 468658
Delko SA,Delko SA,Greece,,Agios Panteleimonas Amintaio 53200 Greece,+30 238 6061180,+30 238 6061182
Difas Firca Ve Plastik San Ve Tic AS,Difas Firca Ve Plastik San Ve Tic AS,Turkey,,Baglar Mah Cesme Cad Gumus Sok 3 Gunesli Istanbul 34209 Turkey,+90 212 5501755,+90 212 5502582
DM Niveta doo Brush Manufactory,DM Niveta doo Brush Manufactory,Serbia,,Vojvodjanska 141 Backi Brestovac 25242 Serbia,+381 25 881 411,+381 25 881 300
DOO Ltd - Durciansky ,DOO Ltd - Durciansky ,Serbia,,Marsala Tita 86 Selenca 21425 Serbia,+381 63 810 9781,+381 21 773 212
Dosco,Dosco,Ireland,,Dosco Industrial Estate South Douglas Road Cork Ireland,+353 21 4892813,+353 21 4893180
Dowding & Plummer Ltd,Dowding & Plummer Ltd,United Kingdom,,Calthorpe House Stockfield Road Birmingham W Midlands B27 6AP United Kingdom,+44 1217 065771,+44 1217 081052
Drewmar Producent Szczotek,Drewmar Producent Szczotek,Poland,,ul Bitwy pod Plowcami 60/121 Sopot 81 731 Poland,+48 55 2431279,+48 55 2431279
Duwa Brosses,Duwa Brosses,France,,1 Rue Lavoisier Saint-Etienne Loire 42000 France,+33 477 495577,+33 477 495579
Eddingtons Ltd,Eddingtons Ltd,United Kingdom,,The Reid Building New Hayward Farm Hungerford Berkshire RG17 0PZ United Kingdom,+44 1488 686572,+44 1488 686941
Edward W Mason,Edward W Mason,United Kingdom,,14 Brownfields Welwyn Garden City Herts AL7 1AN United Kingdom,+44 1707 331911,+44 1707 331911
Edwin Jagger Ltd,Edwin Jagger Ltd,United Kingdom,,Cavendish Works 6 Morpeth Street Sheffield S3 7JL United Kingdom,+44 114 2753739,+44 114 2751728
Ehrle Reinigungstechnik GmbH,Ehrle Reinigungstechnik GmbH,United Kingdom,,Ehrle House 126A Weeland Road Knottingley West Yorkshire WF11 8DB United Kingdom,+44 1977 672075,+44 1977 672124
El Helal & Golden Star Group,El Helal & Golden Star Group,Egypt,,Cairo El Helal Building Gamal Abd El Naser St Omar Ebn El Khatab Area El Esmaelya Road Entrance Cairo Egypt,+20 2 6981321,+20 2 6981256
Elit Kozmetic Firca Sanay,Elit Kozmetic Firca Sanay,Turkey,,Anadolu cd no 45 6 k2 Bayrakli 35010 Turkey,+90 232 3416510,+90 232 3410033
Elliott Housewares,Elliott Housewares,United Kingdom,,Carlton Park Industrial Estate Kelsale Saxmundham Suffolk IP17 2NL United Kingdom,+44 1728 833400,
Eminence,Eminence,France,,1 Rue de Moulin Andolshein 68280 France,+33 898 62005,+33 897 17879
Escoda Sabates SA,Escoda Sabates SA,Spain,,C Joaquin Costa 47 Sabadell Barcelona 08206 Spain,+34 93 7262183,+34 93 725652
Est Australia Pty Ltd,Est Australia Pty Ltd,Australia,,134 Auburn Road Hawthorn Melbourne Victoria 3122 Australia,+61 398190726,+61 418336275
Ethamozhy Coir Cluster Private Limited,Ethamozhy Coir Cluster Private Limited,India,,134/1 Rice Mill Junction Rajakkamangalam Road Rajakkamangalam Road Kanyakumari Tamilnadu 629201 India,9.19E+11,
ETS B 2M ,ETS B 2M ,France,,Domaine Fromenteau Pecqueuse 91470 France,+33 16 4915151,+33 164 915071
Ettore Products Company,Ettore Products Company,Netherlands,,Nieuwe Havenweg 57 Hilversum 1216 BN Netherlands,+31 355 385390,+31 355 385 399
Euro Tool  Inc ,Euro Tool  Inc ,United States,,14101 Botts Rd Grandview MO 64030 United States,+1 866 6019279,+1 816 7780515
Everyday Brush Industries (M) Sdn Bhd,Everyday Brush Industries (M) Sdn Bhd,Malaysia,,Lot 2 Jalan Perusahaan Ringan Off Jalan Genting  Klang Setapak Kuala Lumpar 53200 Malaysia,+60 3 4024 0010,+60 3 4022 4182
Evriday Brushes,Evriday Brushes,New Zealand,,PO Box 22 218 361 St Asaph Street Christchurch New Zealand,+64 33 664928,+64 33 660530
Ewbank Products Ltd,Ewbank Products Ltd,United Kingdom,,Billington Road Burnley Lancashire BB11 5ED United Kingdom,+44 1282 835841,+44 1282 413769
EWCT Ltd,EWCT Ltd,United Kingdom,,Unit N8A Meltham Mills Industrial Estate Meltham Mills Road Holmfirth West Yorkshire HD9 4DS United Kingdom,+44 1484 850728,+44 1484 852007
Fastray Industry & Trading Co Ltd ,Fastray Industry & Trading Co Ltd ,China,,Room 624 Xinhewan Building 469 Yinfeng Road Ningbo Zhejiang 315000 China,+86 574 66134213,+86 574 87458699
Fecin SA,Fecin SA,Spain,,Pol Ind de Itziar Parcela H 7 Deba Guipuzcoa 20820 Spain,+34 94 3199284,+34 94 3199317
Felix Giralt,Felix Giralt,Spain,,Av Verge de Monserrat 85-87 Pol Ind Sant Pere Molanta Sant Pere Molanta Barcelona 08739 Spain,+34 93 8922836,+34 93 8171455
Fiberbuilt Manufacturing Inc,Fiberbuilt Manufacturing Inc,Canada,,3613 63 Avenue NE Calgary Alberta T3J 5K1 Canada,+1 403 2746366,+1 403 2754718
Flora Dis Ticaret ve Pazarlama Kadir Cetin ,Flora Dis Ticaret ve Pazarlama Kadir Cetin ,Turkey,,Kale Sanayi Mahallesi Sancakli Caddesi Basakli Sokak 9 K2 Gungoren Istanbul 34165 Turkey,+90 212 5022128,+90 212 6415261
Fluegger A/S,Fluegger A/S,Denmark,,Islevdalvej 151 Roedovre 2610 Denmark,+45 70 151505,+45 44 541658
Folag AG Film Manufacturers,Folag AG Film Manufacturers,Switzerland,,Mettenwilstrasse 18 Sempach Station 6203 Switzerland,+41 41 4697667,+41 41 4697558
Formseal (South) Ltd,Formseal (South) Ltd,United Kingdom,,23 Snowdrop Close Narborough Leicester Leics LE19 3YB United Kingdom,+44 1162 750052,+44 1162 865808
Formseal Limited,Formseal Limited,United Kingdom,,Unit 5 Douglas Park Opal Way Stone Business Park Staffordshire Stone ST15 0YJ United Kingdom,1785284808,1785284809
G Funder Rebslageri & Boerstefabrik A/S,G Funder Rebslageri & Boerstefabrik A/S,Denmark,,PO Box 59 Vejle 7100 Denmark,+45 76 436666,+45 75 722272
Gala Cleanaids Private Limited,Gala Cleanaids Private Limited,India,,Hindustan Kohinoor Industrial Complex No 11 Ground Floor LBS Marg Vikhroli Mumbai Maharashtra 400083 India,+91 22 40696666,+91 22 40696699
Gamage Enterprises Lanka PVT Ltd,Gamage Enterprises Lanka PVT Ltd,Sri Lanka,,174 Meepe Junction Padukka Colombo Sri Lanka,+94 11 2750094,+94 11 2859183
Geelong Brush Co Pty Ltd The,Geelong Brush Co Pty Ltd The,Australia,,40 Leather Street Breakwater Victoria 3219 Australia,+61 35 2297663,+61 35 2297690
Genesco,Genesco,Morocco,,81 Rue D'Ifni Casablanca 20500 Morocco,+212 22 314234,+212 22 315298
Ghori Brothers,Ghori Brothers,Pakistan,,15 A Sharif Street Barkat Town Shahdara Lahore 54950 Pakistan,+92 42 7923914,
Grander Industrial Co ,Grander Industrial Co ,Hong Kong,,Rm 1926 19F Metro Centre One 32 Lam Hing Street Kowloon Bay Hong Kong,+852 2754 3950,+852 2798 6083
Granito Brushes PVT Ltd,Granito Brushes PVT Ltd,India,,21/1 Rajanna Building Ramachandrapura Jalahalli Bangalore Karanataka 560013 India,+91 98 45535894,+91 80 2838 8555
Greco SA,Greco SA,Spain,,Avda Trabajadores 16 Horno de Alcedo Valencia 46026 Spain,+34 96 3798400,+34 96 3798904
Habo Penslar AB,Habo Penslar AB,Sweden,,Tallvagen 29 Bankeryd 56435 Sweden,+46 36 377822,+46 36 371145
Harris (Ceylon) Ltd,Harris (Ceylon) Ltd,Sri Lanka,,Watareka Meegoda Sri Lanka,+94 11 2859132,+94 11 2859131
Hay Firca San Ve Tic Ltd Sti,Hay Firca San Ve Tic Ltd Sti,Turkey,,215 SK 2 Aydin Mahallesi Izmir 35230 Turkey,+90 232 2646017,+90 232 2647610
Haydn Brush Co Ltd,Haydn Brush Co Ltd,New Zealand,,1014 Ferry Road Ferrymead PO Box 4325 Christchurch New Zealand,+64 33 843210,+64 33 843234
Haylex BV,Haylex BV,United Kingdom,,142 Carpenters Lane Hadlow Tonbridge Kent TN11 0EX United Kingdom,+44 1732 851030,+44 1732 851055
Hebei  Fenghe Biotechnology Co Ltd ,Hebei  Fenghe Biotechnology Co Ltd ,China,,2 Shiji Street Hi-Tech Development Zone Handan City Hebei Province 056107 China,+86 310 7024888,+86 310 7023666
Hi Gear Co  Inc ,Hi Gear Co  Inc ,United States,,515 W  Seventh St Newport KY 41071 United States,+1 859 2910160,+1 859 2910197
Hillbrush (HBC Inc) ,Hillbrush (HBC Inc) ,United States,,811 Rolyn Avenue Baltimore MD 21237 United States,+1 800 998 1515,+1 410 325 6477
Holloway House ,Holloway House ,United States,,309 Business Park Dr Fortville IN 46040 United States,+1 317 4854272,+1 317 4857208
Hout Trading Industries (HTI),Hout Trading Industries (HTI),South Africa,,895 Theopulis Street Upper Strubenvallei Rooderpoort 1735 South Africa,+27 11 679 2885,+27 865 458 862
Huai’An Star Industry & Trade Co Ltd,Huai’An Star Industry & Trade Co Ltd,China,,China,+86 517 84611498,+86 517 84615488
Hylite Brushware Co,Hylite Brushware Co,India,,C 199 Naraina Industrail Area Phase 1 New Dehli 110028 India,+91 11 25794116,+91 11 45578023
IMEXSU Group,IMEXSU Group,India,,8A Vaibhav Industrial Estate Baji Pasalkar Marg Mumbai Maharashtra 400072 India,+91 9869457899,+91 22 67488979
Incavas Industria de Cabos e Vassouras Ltda,Incavas Industria de Cabos e Vassouras Ltda,Brazil,,Rua Pedro Bartzen Sobrinho 188 Bom Principio Rio Grande do Sul 95765 000 Brazil,+55 11 55418529,+55 11 55470709
Indeutsch Industries Private Ltd,Indeutsch Industries Private Ltd,India,,SDF E7 & E8 Noida Special Economic Zone Noida Uttar Pradesh 201305 India,+91 120 4055800,+91 120 4282004
Industrias GB Fami SAL,Industrias GB Fami SAL,Spain,,Ctra CO 6202 Km 8200 Dona Mnecia Cordoba 14860 Spain,+34 95 7676777,+34 95 7676768
Industrias Trele SA de CV,Industrias Trele SA de CV,Mexico,,Carretera Cadereyta allende km 2 Cadereyta Nuevo Leon 67450 Mexico,+52 828 2841944,+52 8 8 2842441
Intercontinental Machinery Co ,Intercontinental Machinery Co ,United States,,64 05 34th Ave Woodside NY 11377 United States,+1 718 4582288,+1 718 3353244
Irak Plastik Sa ve Tic A S  ,Irak Plastik Sa ve Tic A S  ,Turkey,,Giseler Mevkii Hadimkoy Istanbul Turkey,+90 212 8580687,+90 212 8580687
Iraqi Brush Manufacturing Co Ltd,Iraqi Brush Manufacturing Co Ltd,Iraq,,Wazirea Street Baghdad Iraq,+964 7 901910978,
Iris Hantverk AB,Iris Hantverk AB,Sweden,,Sandsborgsvagen 52 Enskede 122 88 Sweden,+46 83 99090,+46 83 99099
Izmir Firca San VE TIC A.S,Izmir Firca San VE TIC A.S,Turkey,,10006 Sokak 18 AOSB Cigli Izmir 35620 Turkey,+90 232 328 31 87,+90 232 3283220
J A Seals Ltd,J A Seals Ltd,United Kingdom,,Unit 23 Essington Industrial Estate Bognop Road Essington Wolverhampton WV11 2BJ United Kingdom,+44 1922 710888,+44 1922 710 999
Janani Brush ,Janani Brush ,India,,76 Intuc Nagar East Gandhi Nagar Rajaplayam Tamil Nadu 626102 India,9.15E+11,9.15E+11
Jaz Zubiaurre SA,Jaz Zubiaurre SA,Spain,,Poligono Industrial Azitain 4 Eibar Gipuzkoa 20600 Spain,+34 94 3120600,+34 94 3121704
Jiashan Sincerity Imp & Exp Trade Co Ltd ,Jiashan Sincerity Imp & Exp Trade Co Ltd ,China,,59 ChangLe Road JiaShan Zhejiang 314100 China,+86 573 84026650,+86 573 84025100
Jintu Handicraft Factory ,Jintu Handicraft Factory ,China,,Ditian Industry Zone Xiaoshun Town Jinhua Zhejiang Province 321035 China,+86 579 82963022,+86 579 82963876
John Palmer Brushes Ltd,John Palmer Brushes Ltd,United Kingdom,,Norwich Road Besthorpe Attleborough Norfolk NR17 2LB United Kingdom,+44 1953 455003,+44 1953 455905
Kalkan Firca Ve Endustrivel Urunler San Ve Tic Ltd Sti,Kalkan Firca Ve Endustrivel Urunler San Ve Tic Ltd Sti,Turkey,,Ikitelli OSB Esot Sanayi Sitesi G Blok 4 Basaksehir Istanbul 34490 Turkey,+90 212 5495929,+90 212 5495931
Karn Chem Corporation,Karn Chem Corporation,India,,102 Venice Flats Punitnagar Old Padara Road Vadodara Gujarat 390015 India,+91 26 52358914,+91 26 5235 8914
"Kartace Soucek, s.r.o.","Kartace Soucek, s.r.o.",Czech Republic,,Pardubicka 216 Hradec Kralove 4 50004 Czech Republic,+420 49 5523941,+420 49 5523941
Kefa Brush Kefe es Faipari Kft,Kefa Brush Kefe es Faipari Kft,Hungary,,Kolcsey u 2-6 Monor 2200 Hungary,+36 29 411176,+36 29 411318
Kent Corp /Tesgo  Inc ,Kent Corp /Tesgo  Inc ,United States,,9601 York Alpha Drive North Royalton OH 44133 3503 United States,+1 440 2371290,+1 440 2375368
Ki Works VN Co Ltd,Ki Works VN Co Ltd,Vietnam,,40 Doc Lap Blvd VSIP Thuan An Dist Binh Duong Province Vietnam,+84 650 782551,+84 650 782552
Kilmer Wagner & Wise Paper Co  Inc ,Kilmer Wagner & Wise Paper Co  Inc ,United States,,12751 Monarch St Garden Grove CA 92841 United States,+1 714 8923380,+1 714 8927772
Kleeneze Sealtech Ltd,Kleeneze Sealtech Ltd,United Kingdom,,Anstey Road Hanham Bristol Avon BS15 3SS United Kingdom,+44 1179 475149,+44 1179 600141
Konex Co Ltd,Konex Co Ltd,Poland,,Chlopska 5/9 Lodz 91202 Poland,+48 42 6524601,+48 42 6523922
Koti Dawson  Ltd,Koti Dawson  Ltd,United Kingdom,,Clayton Wood Rise West Park Ring Road Leeds West Yorkshire LS16 6RH United Kingdom,+44 1132 759321,+44 1132 752761
Koti Kobra  GmbH,Koti Kobra  GmbH,Austria,,Gruberstrasse  4 Steinhaus bei Wels Upper Austria 4641 Austria,+43 7242 454260,+43 7242 4542622
KR Brush Industries,KR Brush Industries,Israel,,Kibbutz Ruhama D N Hof Ashqelon 79180 Israel,+972 8 6807177,+972 8 6807773
L G Harris & Co (PTY) Ltd (South Africa),L G Harris & Co (PTY) Ltd (South Africa),South Africa,,PO Box 2597 North End Port Elizabeth 6056 South Africa,+27 41 4861977,+27 41 4862437
La Brosse et Dupont,La Brosse et Dupont,France,,6 Allee des Cascades BP 40979 Roissy en France 95700 France,+33 1 481 79797,+33 1 481 79798
Lanktrad International (Pvt) Ltd,Lanktrad International (Pvt) Ltd,Sri Lanka,,351/2 Kerawalapitiya Road Hendala Wattala 11930 Sri Lanka,+94 11 2946264,+94 11 2933793
Lilleborg as,Lilleborg as,Norway,,Sandakerveinen 56 Oslo 0978 Norway,+47 2289 5000,+47 2215 7489
Longara Brush,Longara Brush,Australia,,24 Moonbi Street PO Box 5591 Brendale QLD 4500 Australia,+61 73 8810230,+61 73 8810229
Lucky Industrial (Hong Kong) Co ,Lucky Industrial (Hong Kong) Co ,Hong Kong,,Block El 8F 55 Hung To Road Kwun Tong Hong Kong,+852 2341 9023,+852 2343 9433
M & J International BV,M & J International BV,Netherlands,,Kiotweg 167 Rotterdam 3047 BG Netherlands,+31 104 372680,+31 104 627565
M/S Chhipasons,M/S Chhipasons,Pakistan,,A-1 Chemi Center Adamji Dawood Road Jodia Bazar Karachi 74000 Pakistan,+92 21 3243 8023,+92 21 3243 9569
M2 Professional Cleaning Products Ltd,M2 Professional Cleaning Products Ltd,Canada,,59 Talman Crt Concord Ontario L4K 4L5 Canada,1-905-738-2007,1-905-738-2006
Maculan SAlCFI,Maculan SAlCFI,Argentina,,Doblas 955 Capital Federal Buenos Aires C1424BLS Argentina,+54 11 49218030,+54 11 49244535
Mahachak Technology Co Ltd,Mahachak Technology Co Ltd,Thailand,,468 Mahachak Road Sumpunthawong Bangkok 10100 Thailand,+66 2 6229622,+66 2 6227749
Maine Brosserie France,Maine Brosserie France,France,,Le Champ de Devant Montfort Le Gesnois 72450 France,+33 243 767158,+33 243 767770
Malwo,Malwo,Poland,,Pokoju 95 Mrozy 05 320 Poland,+48 25 7574642,+48 25 7574223
Manuel Varcas SA,Manuel Varcas SA,Spain,,Avenida Meridiana 596 Barcelona 08030 Spain,+34 93 3113904,+34 93 3112911
Manufacturas Morimon SL,Manufacturas Morimon SL,Spain,,Avd de Oviedo 39 Asturias Lugones 33420 Spain,+34 98 5260105,+34 98 5269082
Marian Personal & Hygiene Care Products,Marian Personal & Hygiene Care Products,India,,Plot No 38 1 st Floor Near Neogen Chemicals TTC Industrial Area MIDC  Mahape Navi Mumbai Maharashtra 400 710 India,+91 22 27781301,+91 22 27781333
Marino Manufacturing Ltd,Marino Manufacturing Ltd,Canada,,59 Talman Court Concord Toronto ON L4K 4L5 Canada,+1 905 6699949,+1 905 6695750
Mason Pearson Bros Ltd,Mason Pearson Bros Ltd,United Kingdom,,37 Old Bond Street London W1S 4AB United Kingdom,+44 20 7491 2613,+44 20 7499 6235
McMahon Ltd,McMahon Ltd,Ireland,,Corcanree Dock Road Limmerick Ireland,+353 61 315388,+353 61 315781
Meepo Brushes Ltd,Meepo Brushes Ltd,"Korea, South",,279 3 Pajangdong Suwon City Kyongkido 440 290 Korea South,+82 31 241 5224,+82 31 255 0347
Merseyside Industrial Brushes,Merseyside Industrial Brushes,United Kingdom,,Unit 8 Quarrybank Workshops Quarrybank Street Birkenhead CH41 2ZD United Kingdom,+44 1516 534343,+44 1516 534343
MGS International BV ,MGS International BV ,Netherlands,,PO Box 1250 Rijswik CG 2280 Netherlands,+31 70 3458 737,+31 70 3458 942
Miniros,Miniros,Algeria,,Douar chaoua Khraicia Algiers 16203 Algeria,+213 20 335005,+213 20 335004
Mink Brushes (UK) Ltd,Mink Brushes (UK) Ltd,United Kingdom,,Cash's Business Centre Cash's Lane Coventry Warwickshire CV1 4PB United Kingdom,+44 2476 632588,+44 2476 632590
Miro Brush Company,Miro Brush Company,"Korea, South",,294 - 1 Gogang-Dong Ojeong-Gu Bucheon-Si Kyeonggi-Do Korea South,+82 32 675 0376,+82 32 675 3980
Mr Bristle (PVT) Ltd,Mr Bristle (PVT) Ltd,Zimbabwe,,2 Borgward Road Msasa Harare Zimbabwe,+263 448 0634,+263 474 6317
Muster ,Muster ,Italy,,Via Privata da Via Kennedy Cerro Maggiore MI 20023 Italy,+39 033 1525111,+39 033 1421397
MysticMaid ,MysticMaid ,United States,,3003 SW 153rd Dr Ste 209 Beaverton OR 97006 United States,+1 503 6445516,+1 503 6444033
Nannooh Brothers Pvt Ltd,Nannooh Brothers Pvt Ltd,India,,Off Old Mahabalipuram Road Near Thangavelu Engg College Karapakkam Chennai Tamil Nadu 600 096 India,+91 44 24502786,+91 44 24501256
Nantong Longfar Metal Products Co Ltd ,Nantong Longfar Metal Products Co Ltd ,China,,No 45 Gongnong Road Nantong Jiangsu 226007 China,+86 513 85232789,+86 513 87112181
Nespoli France,Nespoli France,None,,29 - 37 Rue Du General De Gaulle B P 34 La Capelle Cedex 02260,+33 323 975050,
Nespoli Spain (Rulo Pluma),Nespoli Spain (Rulo Pluma),Spain,,Avda Arraona 34 44 P I Can Salvatella Barbera del Valles Barcelona 08210 Spain,+34 93 7297600,
Nespoli UK,Nespoli UK,United Kingdom,,Stross House Broadstreet Dewsbury West Yorkshire WF13 3SA United Kingdom,+44 1924 468327,
Ngoc Phuong ,Ngoc Phuong ,Vietnam,,91/4 Tran Tan Street Ho Chi Minh 84 Vietnam,+84 8 2242 6273,
NH & Brothers,NH & Brothers,Vietnam,,32 Cho Lon District 6 Ho Chi Minh 7000 Vietnam,+84 8 37550009,
Nibco,Nibco,Saudi Arabia,,2nd Industrial Zone Kharj Road Riyadh Saudi Arabia,+966 498 0544,+966 498 2095
Northern Greek Brush Manufactory,Northern Greek Brush Manufactory,Greece,,Lagina Lagadas Thessaloniki 572 00 Greece,+30 239 4071714,+30 239 4071996
Nosas SA,Nosas SA,Spain,,Industria 578 584 Badalona Barcelona 08912 Spain,+34 93 4600723,+34 93 3996656
Okamura & Co Ltd,Okamura & Co Ltd,Japan,,3-6-18 Ikuno-Ku Osaka 544 0031 Japan,+81 66 7173551,+81 66 7173553
Osborn International SRL,Osborn International SRL,Romania,,Bd Bucovina FN Gura Humorului 725300 Romania,+40 230 234212,+40 230 531785
Osborn Unipol Lda,Osborn Unipol Lda,Portugal,,Lugar da Cruz Brito Guimaraes 4800 Portugal,+351 253 479550,+351 253 576629
Osborn Unipol SL,Osborn Unipol SL,Spain,,Ronda Norte 320 Poligono Industrial Catarroja Valencia 46470 Spain,+34 96 1325876,+34 96 1324602
Ouest Vendee Balais,Ouest Vendee Balais,France,,Rabalot Saint Martin Les Melle France 79500 France,+33 549 270353,+33 549 290169
P & C Brushes,P & C Brushes,Australia,,PO Box 63 Fawkner Vic 3060 24-28 Berwick Road Campbellfield Melbourne Victoria 3061 Australia,+61 39 3570355,+61 39 3579708
P J Wiseman,P J Wiseman,United Kingdom,,Unit 3 The Crossings Riparian Way Cross Hills Keighley West Yorkshire BD20 7BW United Kingdom,+44 (0)1535 634280,
Packexe Ltd,Packexe Ltd,United Kingdom,,Marsh Green Road North Marsh Barton Exeter Devon EX2 8NY United Kingdom,+44 1392 438191,+44 1392 438371
Pars Shafagh Arya International Co Ltd,Pars Shafagh Arya International Co Ltd,Iran,,4 Khorsandi Sadeghi St Ghorbani St Zolfaghari St Khavaran St Khorasan SQ Tehran Iran,+98 21 33016983,+98 912 2444875
PDC Brush UK Ltd,PDC Brush UK Ltd,United Kingdom,,11 Sheridan Close Crewe Cheshire CW1 4TJ United Kingdom,+44 1270 889583,+44 1270 586396
Pebeo UK Limited,Pebeo UK Limited,United Kingdom,,109 Solent Business Centre Millbrook Southampton Hants SO15 0HW United Kingdom,+44 2380 901914,+44 2389 0916
Pentrilo SL,Pentrilo SL,Spain,,Avenida Generalitat 37 San Joan Despi Barcelona 08970 Spain,+34 93 4772824,+34 93 4772703
Pergo Srl,Pergo Srl,Romania,,Str Gutenberg No 14/A Oradea Bihor 410547 Romania,+40 259 467723,+40 259 469408
Perusahaan Berus Dan Penyapu Hitech,Perusahaan Berus Dan Penyapu Hitech,Malaysia,,95 3rd Mile Jalan Kelang Lama Kuala Lumpar 58000 Malaysia,+60 3 79828616,+60 3 79813287
Perusahaan Cemerlang Raya Sdn Bhd,Perusahaan Cemerlang Raya Sdn Bhd,Malaysia,,Lot 2 Jalan R2/3 Rawang Integrated Industrial Park Off Jalan Batu Arang Rawang Selangor Darul Ehsan 48000 Malaysia,+60 3 6091 8630,+60 3 60919619
Peta Co Ltd,Peta Co Ltd,Cyprus,,PO Box 29096 Nicosia Nicosia 1621 Cyprus,+357 2 2815215,+357 2 2485927
Phoenix Impex Pvt Ltd,Phoenix Impex Pvt Ltd,India,,79/B N N Roy Street Serampore Kolkata Hooghly W Bengal 712201 India,+91 33 26521636,+91 33 26521636
Pinceles Tiburon,Pinceles Tiburon,Argentina,,Av. Illia 2212 Pergamino Buenos Aires 2700 Argentina,+54 2477 427667,+54 02477 427667
Plac Control,Plac Control,Greece,,K Paleologou 20str Byzadio Thessaloniki 55133 Greece,+30 231 0445297,
Planet Plastik & Metal Sanayi Ticaret Ltd,Planet Plastik & Metal Sanayi Ticaret Ltd,Turkey,,Imes San Sit E Blok 502 Sok 07 Y Dudullu Umraniye Istanbul Turkey,+90 216 5277453,+90 216 5277454
Plasticos Plasa de Guadalajara SA,Plasticos Plasa de Guadalajara SA,Mexico,,Florentino Acosta 1090 Colonia Lomas de Independencia Guadalajara Jalisco 44370 Mexico,+52 333 6515424,+52 333 6517778
Plasticum Norwich Ltd,Plasticum Norwich Ltd,United Kingdom,,Stanford Tuck Road North Walsham Norfolk NR28 0TY United Kingdom,+44 1692 404488,+44 1692 404373
PlastiDon SL,PlastiDon SL,Spain,,Parcela B 4 Revilla De Camargo Santander 39600 Spain,+34 94 2261745,+34 94 226248
Private Brands Specialty ,Private Brands Specialty ,United States,,Route 390 PO Box 201 Mountainhome PA 18342 United States,+1 570 6890900,+1 570 6899825
Priyanga Industries ,Priyanga Industries ,India,,6 Rajagopalan Street Shankaran Avenue Velachery Bye Pass Road PB No Chennai Tamilnadu 600 042 India,+91 98 41006421,+91 44 22443390
Pro Arte,Pro Arte,United Kingdom,,Park Mill Brougham Street Skipton North Yorkshire BD23 2JL United Kingdom,+44 1756 791313,+44 1756 791213
Productos De Plastico Carcal SA de CV,Productos De Plastico Carcal SA de CV,Mexico,,Gral Salvador Alvarado No 73 Col Escandon Delegacion Miguel Hidalgo Mexico City 11800 Mexico,+52 555 5160513,+52 555 2770060
Progress Shaving Brush (Vulfix) Ltd,Progress Shaving Brush (Vulfix) Ltd,United Kingdom,,Unit 24 Spring Valley Industrial Estate Douglas Isle of Man IM2 2QR United Kingdom,+44 1624 676030,+44 1624 662056
Promat Sp. z o.o.,Promat Sp. z o.o.,Poland,,Stelmachowo 9 Kampinos Mazovia 05-085 Poland,+48 22 7962060,
PT Ultra Prima Abadi,PT Ultra Prima Abadi,Indonesia,,Jl Palmerah Barat No 9 Gelora Tanah Abang Jakarta Pusat DKI Jakarta 10270 Indonesia,+62 21 5322121,+62 21 5482425
Purdy International Corporation,Purdy International Corporation,United Kingdom,,33 Turbine Way Ecotech Business Park Swaffham Norfolk PE37 7XD United Kingdom,+44 1760 720 220,+44 1760 720 270
Quillet - La Cocarde,Quillet - La Cocarde,France,,9 Rue Des Renardieres Pont sur Yonne 89140 France,+33 386 670202,+33 386 670184
R&R Overseas,R&R Overseas,Sri Lanka,,3rd Floor YMBA Building Colombo 01 Sri Lanka,+94 11 2323073,+94 11 2434375
Ramon Holdings Ltd,Ramon Holdings Ltd,United Kingdom,,380 Thurmaston Boulevard Leicester LE4 9LE United Kingdom,+44 1162 761881,+44 1162 460224
Rancho Las Plumas,Rancho Las Plumas,South Africa,,PO Box 825 Oudtshoorn 6620 South Africa,+27 44 2035800,+27 44 2720426
Record Industrial Brushes Ltd,Record Industrial Brushes Ltd,United Kingdom,,Church Bank Llandovery Carmarthenshire SA20 0DT United Kingdom,+44 1550 720077,+44 1550 720911
Regincos Tri Pel SL,Regincos Tri Pel SL,Spain,,P O Box 25 Sant Adolf 19 - 21 S Feliu de Guixols Girona 17220 Spain,+34 97 2321471,+34 97 2820500
Rejo Borstelindustrie,Rejo Borstelindustrie,Netherlands,,Wijde Omloop 32 Oosterhout 4904 PP Netherlands,+31 162 455012,+31 162 431105
Rex Pinceles,Rex Pinceles,Mexico,,Las Palmas 14 Col Granjas Cabrera Del Tiahuac Mexico,+52 55 5840 2920,+52 55 5845 1947
RIZZ bv,RIZZ bv,Netherlands,,Ambachtsstraat 11 Nijkerk 3861 RH Netherlands,+31 332 477700,+31 332 477741
RKF,RKF,South Africa,,49 Richard Road Industria North Johannesburg Gauteng 1709 South Africa,+27 11 673 9894,+27 11 673 8323
Rokset Industries PTY Ltd,Rokset Industries PTY Ltd,Australia,,16 20 Ragless Street St Mary's South Australia 5042 Australia,+61 88 2767666,+61 88 2766973
Rubber Extrusions And Seals Ltd,Rubber Extrusions And Seals Ltd,United Kingdom,,Lancashire House 251 Higginshaw Lane Royton Oldham Lancs OL2   6HW United Kingdom,+44 1616 220020,+44 1616 220010
S&B International,S&B International,Netherlands,,Kitmanstraat 3 Alkmaar 1812 PL Netherlands,+31 725 402214,+31 725 402986
S&M Products Ltd,S&M Products Ltd,United Kingdom,,Compstall Mill Andrew Street Compstall Stockport Cheshire SK6 5HN United Kingdom,+44 1614 273864,+44 1614 260019
Sadi Import Nedim Sadi,Sadi Import Nedim Sadi,Turkey,,Refik Saydam Cad No 43 K 1 Roditi Han Sishane Beyoglu Istanbul 34420 Turkey,+90 212 2490221,+90 212 2490251
Sagar Brush Industries,Sagar Brush Industries,India,,81/13 Madarai Road Maravankulam Tirumangalam Tamil Nadu 625706 India,+91 45 49280507,+91 45 49280663
Sajakorpi AS,Sajakorpi AS,Estonia,,Parnasalu Poik 2 Saue 76505 Estonia,+372 65 96410,+372 65 96525
Sajakorpi Oy,Sajakorpi Oy,Finland,,P O Box 725 Tampere FI 33101 Finland,+358 33 477700,+358 33 477750
Sandi Brushware,Sandi Brushware,South Africa,,PO Box 561657 Chatsworth Durban 4030 South Africa,+27 314 038801,+27 314 038800
Sarin Trade Links PVT,Sarin Trade Links PVT,India,,D 299 TTC Ind Area M I D C Off Pfizer Road Turbhe Naka Navi Mumbai 400 705 India,+91 22 27618067,+91 22 72618064
Sarl Devirieux,Sarl Devirieux,France,,Rue Du Chapitre -  ZA Les Andres Brindas 69126 France,+33 478 879517,+33 478 879537
Seodoo Industrial Co,Seodoo Industrial Co,"Korea, South",,4F  Seodoo Bldg 345 7 Kil Dong Kangdong Ku Seoul 134 010 Korea South,+82 24 837693,+82 24 837692
Shabbir Hussain Traders,Shabbir Hussain Traders,India,,112 3 Broadway Shabbir Manzil Chennai Tamil Nadu 600 108 India,+91 44 25392271,+91 44 25385305
Shakti Enterprises ,Shakti Enterprises ,India,,Unit 9 Sawant Estate Bander Pakhadi Road Opp Gaurav Garden Kandivali W Mumbai India,+91 22 56205818,
Shenzhen City Xinlei Brush Produce Factory ,Shenzhen City Xinlei Brush Produce Factory ,China,,Futing Industry Zone Guanlan Town Baoan District Shenzhen Guangdong Province 518109 China,+86 755 28130778,+86 755 28130489
Shield Corporation Ltd,Shield Corporation Ltd,Pakistan,,401  Business Avenue Block 6 PECHS Shahrah e Faisal Karachi 75400 Pakistan,+92 21 34385003,+92 21 34556344
SK Italia ,SK Italia ,Italy,,Via M DAgrate 41 Agrate Brianza MI 20041 Italy,+39 039 6899895,+39 039 8899895
Societe Industrielle De Brosserie Du Valois,Societe Industrielle De Brosserie Du Valois,France,,9 Rue St Eloi Crepy En Valois 60802 France,+33 344 590892,+33 344 396449
South Wales Brush Co Ltd,South Wales Brush Co Ltd,United Kingdom,,Unit 1 Ely Distribution Centre Argyle Way Ely Cardiff CF5 5NJ United Kingdom,+44 2920 599199,+44 2920 599299
SP Berner Plastic Group SL,SP Berner Plastic Group SL,Spain,,Camino de la Lloma 35 Aldaya Valencia 46960 Spain,+34 96 1516470,+34 96 1519020
Speedy Brush,Speedy Brush,United Kingdom,,Mount Pleasant Farm Brishing Road Chart Sutton Maidstone Kent ME17 3SP United Kingdom,01622 747299,
Speedy Brush Co,Speedy Brush Co,United Kingdom,,Mount Pleasant Farm Brishing Road Chart Sutton Maidstone Kent ME17 3SP United Kingdom,+44 1622 747299,+44 1622 743307
Spekter A/S,Spekter A/S,Denmark,,Stationsvej 13 Slangerup 3550 Denmark,+45 47 337400,+45 47 337401
Spojene Kartacovny a s,Spojene Kartacovny a s,Czech Republic,,Libkovodska 1428 Pelhrimov 393 01 Czech Republic,+420 56 5302276,+420 56 5323642
Spugnificio Rosenfeld ,Spugnificio Rosenfeld ,Italy,,Strada per i Laghetti 5 Muggia Trieste TS 34015 Italy,+39 040 923 5068,+39 040 923 6182
SS Doshi Engineers Pvt Ltd,SS Doshi Engineers Pvt Ltd,India,,1101 Embassy Centre J Bajaj Road Nariman Point Mumbai 400021 India,+91 22 22844795,+91 22 66325205
Stanley UK Services,Stanley UK Services,United Kingdom,,Beighton Road East Sheffield S20 7JZ United Kingdom,+44 114 2764065,+44 1142 764078
Starmax Resource LLC ,Starmax Resource LLC ,United States,,18901 Euclid Ave Cleveland OH 44117 United States,+1 216 4860606,+1 216 4869435
Sudamericana de Brochas Ecuador S.A.,Sudamericana de Brochas Ecuador S.A.,Ecuador,,P O Box 17 07 9927 Avellanas E5 107 y Eloy Alfaro Quito Ecuador,+593 2 2482858,+593 2 2482859
Surtel Med S.L. -  Brush & Rolls,Surtel Med S.L. -  Brush & Rolls,Spain,,Avda. Barcelona nº 2 La Carolina Jaén 23200 Spain,+34 689 996 449,+34 953 680 310
Swipe Ltd,Swipe Ltd,Cyprus,,P O Box 23591 Nicosia 1685 Cyprus,+357 2 2427273,+357 2 2511522
Synagi Intelligence Ltd,Synagi Intelligence Ltd,United Kingdom,,238 Main Street Newthorpe Nottinghamshire NG16 2DN United Kingdom,+44 7550011590,
Szczotpol A Spychala sp j,Szczotpol A Spychala sp j,Poland,,ul Podgorna 17 Wronki 64-510 Poland,+48 67 254 11 50,+48 67 254 14 08
Taizhou Huangyan Xingyue Plastic Factory ,Taizhou Huangyan Xingyue Plastic Factory ,China,,No 49 Yuandian Road Yuanqiao Town Taizhou Zhejiang 318020 China,+86 576 84879133,+86 576 84879122
Taizhou Huangyan Zhanpeng Mould&Plastic Factory ,Taizhou Huangyan Zhanpeng Mould&Plastic Factory ,China,,Ao' an Industrial Zone Huangyan District Taizhou City Zhejiang 318020 China,+86 576 84340541,+86 576 84011444
Taizhou Zhongfa Clean Co Ltd ,Taizhou Zhongfa Clean Co Ltd ,China,,No1 Lane 6 South Shanghai Street Luqiao Taizhou Zhejiang 3180500 China,+86 576 82439577,+86 576 82439578
Talentools bv,Talentools bv,Netherlands,,Burg. Janssenstraat 10 Staphorst 7951 TG Netherlands,+31 522 46 33 33,
Teksweep Ltd T/A Munitech,Teksweep Ltd T/A Munitech,United Kingdom,,Shepherds Close Cooden Sea Road Bexhill-on-sea East Sussex TN39 4SL United Kingdom,+44 1424845397,+44 1634 295649
Textile Brush Industries,Textile Brush Industries,India,,257 Indarinagar Nr.Police Station Bapunagar Ahmedabad Gujarat Ahmedabad Gujarat 380024 India,+91 792 2701518,+91 997 4719377
The Big Brush Company,The Big Brush Company,United Kingdom,,The Malthouse Aston Road Brighthampton OX29 7QW United Kingdom,+44 8708 50 24 22,
Thompson Brushes,Thompson Brushes,Australia,,2 Uralla Road P O Box 5339 Port Macquarie NSW 2444 Australia,+61 2 6581 0244,+61 2 6581 0284
Tic Tac Toe Brush Makers,Tic Tac Toe Brush Makers,India,,2/216 New no:9/123 Ghandhipuram Thoppur http://www.tictactoebrushes.com Madurai 625008 India,9.20E+11,
Tissa Brush Manufacturers and Export,Tissa Brush Manufacturers and Export,Sri Lanka,,Kandy Road Kirillawla Weboda 349 1 Sri Lanka,+94 11 297 0421,+94 11 2968364
Titiz Plastik Dis Tic ve San Ltd ,Titiz Plastik Dis Tic ve San Ltd ,Turkey,,Omerli Mah Adnan Kahveci Cad 42 Hadmkay Amavutkay Istanbul 34555 Turkey,+90 212 7982490,+90 212 7982499
Tongcheng Haobangshuo Brush Company ,Tongcheng Haobangshuo Brush Company ,China,,Fangang Town Tongcheng Anqing Anhui 231460 China,,
Tongyang Lining Industries,Tongyang Lining Industries,"Korea, South",,610 5 Oryu Ri Daiso Myun Eumsung Kun Choongbuk 369 824 Korea South,+82 43 8777200,+82 43 8777814
Trisa AG,Trisa AG,Switzerland,,Postfach 161 Triengen 6234 Switzerland,+41 41 9353535,+41 41 9353300
TS Simms & Co Ltd,TS Simms & Co Ltd,Canada,,33 Bridge Road P O Box 820 Saint John New Brunswick E2L 4C5 Canada,+1 506 6356330,+1 506 6356309
Universal Brushware (PVT) Ltd,Universal Brushware (PVT) Ltd,Pakistan,,LR 10/20 Principal Ram Sahe Street Off Nitshter Rd Near Shoe Market Karachi 74400 Pakistan,+92 21 3272 9650,+92 21 3277 7068
Usabco (Pty) Ltd,Usabco (Pty) Ltd,South Africa,,Southbell Industrial Park Sacks Circle Bellville Cape Town 7535 South Africa,+27 21 9172000,+27 21 9172001
Ustun Firca Sanayi Semih Istanbullu,Ustun Firca Sanayi Semih Istanbullu,Turkey,,Akcay Cad No 97 Gaziemir Izmir 35410 Turkey,+90 232 2379414,+90 232 2374787
Vale Brothers Ltd,Vale Brothers Ltd,United Kingdom,,Long Street Walsall West Midlands WS2 9QG United Kingdom,+44 1922 644363,+44 1922 720994
Van Dam's Kwastenfabriek BV,Van Dam's Kwastenfabriek BV,Netherlands,,PO Box 3 Tulpstraat 49 51 Culemborg 4100 AA Netherlands,+31 345 513041,+31 345 521608
Vandux,Vandux,Colombia,,Plasticos Vandux de Colombia S A Via 40 No 79B  145 Barranquilla Atlantico A A 50493 Colombia,+57 5 3787880,+57 5 3536051
Vie-Long SL,Vie-Long SL,Spain,,C Dr Nicasio Benlloch 90 Valencia 46015 Spain,+34 96 3406033,+34 96 3406332
Viosar,Viosar,Greece,,78 Ithomis Egaleo Athens 12244 Greece,+30 210 5616841,+30 210 5619171
Vitabrosse,Vitabrosse,Tunisia,,Route Menzel Chaker Km 5.5 Sfax 3013 Tunisia,+216 74 652760,+216 74 65 2646
Wakefield Brush UK Ltd,Wakefield Brush UK Ltd,United Kingdom,,Units 8 - 10 Newhaven Business Park Milnsbridge Huddersfield HD3 4HS United Kingdom,+44 1484 642555,+44 1484 642888
Wan Hsin Toothbrush Machinery Mfg Co Ltd ,Wan Hsin Toothbrush Machinery Mfg Co Ltd ,Taiwan,,422 Chung Cheng North Road San Chung City Taipei Hsein 241 Taiwan,+8862 29891101,+8862 29837666
Wasag Brush Systems,Wasag Brush Systems,Switzerland,,Industriestrasse 42 Oberentfelden AG 5036 Switzerland,+41 62 7378787,+41 62 7378788
Wecovi BV ,Wecovi BV ,Netherlands,,Rudolf Dieselstraat 14 Zwolle NJ 8013 Netherlands,+31 38 468 68 68,+31 38 468 68 00
Welind Technologies ,Welind Technologies ,India,,148 2nd D Main 8th Block Koramangala Bangalore Karnataka 560095 India,+91 80 25716134,+91 80 25716134
Werner Brushware,Werner Brushware,South Africa,,Cnr 1st & 2nd Ave Booysens Reserve Jhb 2091 PO Box 90357/8 Bertsham 2013 South Africa,+27 11 835 2136,+27 11 835 3670
Wetrok Ltd,Wetrok Ltd,United Kingdom,,Unit 4 Easter Court Europa Boulevard Gemini Business Park Warrington Chesire WA5 5ZB United Kingdom,+44 1925 711222,+44 1925 711333
Whitaker & Sawyer (Brushes) Ltd,Whitaker & Sawyer (Brushes) Ltd,United Kingdom,,Unit 17 Midas Business Centre Wantz Road Dagenham Essex RM10 8PS United Kingdom,+44 2085 937204,+44 2085 957353
Whiteline Industries Colombo (Pvt) Ltd,Whiteline Industries Colombo (Pvt) Ltd,Sri Lanka,,195 1B Dam Street Colombo 12 Sri Lanka,+94 11 2344821,+94 11 4722095
Widdop De Courcy Ltd,Widdop De Courcy Ltd,United Kingdom,,Prospect Works Allerton Road Allerton Bradford W Yorkshire BD15 7AF United Kingdom,+44 1274 541327,+44 1274 547396
Winsor & Newton,Winsor & Newton,United Kingdom,,Whitefriars Avenue Harrow HA3 5RH United Kingdom,+44 2084 243338,+44 2084 243200
Wisdom Toothbrushes,Wisdom Toothbrushes,United Kingdom,,The Silk Mill Colne Valley Road Haverhill Suffolk CB9 8DT United Kingdom,+44 1440 714800,+44 1440 705205
Wöhler Bohemia s r.o.,Wöhler Bohemia s r.o.,Czech Republic,,Za Naspem 1993 Pelhrimov 393 01 Czech Republic,+420 56 5323 076,
"Woodstock Brush, The","Woodstock Brush, The",Malta,,41 Luqa Industrial Estate Luqa LQA 05 Malta,+356 2124 4390,+356 21244530
Y N C (Thailand) Co Ltd,Y N C (Thailand) Co Ltd,Thailand,,366 Soi Ladprao 94 Ladprao Road Plubpla Wangtonglarng Bangkok 10310 Thailand,+66 2 9344636,+66 2 5592900
Yamazaki Corp,Yamazaki Corp,Japan,,Shinsaibashi Plaza Bridge 3 12 9 Minami Semba Chuo Ku Osaka 542 Japan,+81 66 245 3532,+81 66 245 0026
Yangzhou Runrong Daily-Use Products Co Ltd ,Yangzhou Runrong Daily-Use Products Co Ltd ,China,,South of Zhentai Bridge Hongqiao Touqiao Town Yangzhou Jiangsu 225009 China,+86 514 87268818,+86 514 87262837
Yangzhou Sunahome Products Manufacture Co Ltd ,Yangzhou Sunahome Products Manufacture Co Ltd ,China,,Room 502 24 Wutai New Village Yangzhou Jiangsu Province 225002 China,+86 514 87156787,+86 514 87920289
Yangzhou Yingte Relax Daily Products Co Ltd ,Yangzhou Yingte Relax Daily Products Co Ltd ,China,,18 Xuejiazui Road Jiangdu Yangzhou Jiangsu China,+86 514 86890880,+86 514 86891001
Yapas,Yapas,Turkey,,Halkali Cad. Sönmez Sokak No:10 Günesli Istanbul TURKEY 34212 Turkey,+90 5309766919,+90 212 655 0187
Yew Lee Industrial Brush Sdn Bhd,Yew Lee Industrial Brush Sdn Bhd,Malaysia,,17 & 19 Jalan Jasa Merdeka 12 Taman Datuk Tamby Chik Karim Batu Berendam Melaka 75350 Malaysia,+60 6 3176895,+60 6 3176896
Yi Fa Hardwares Company Ltd ,Yi Fa Hardwares Company Ltd ,Taiwan,,29  Lane 897 Min Sheng S Rd Chia-Ya City Taiwan,+886 5 2353657,+886 5 2360127
Yildirim Paint Brush and Paint Roller,Yildirim Paint Brush and Paint Roller,Turkey,,Evren Mah.Halkali Cad. No:103/Z Gunesli / Bagcilar Istanbul Turkey 34212 Turkey,9.02E+11,9.02E+11
Zeintra,Zeintra,Switzerland,,Feldstrasse 4 Wil 9500 Switzerland,+41 71 9139020,+41 71 9139020
Zhangjiagang Fengyuan Import & Export Co Ltd ,Zhangjiagang Fengyuan Import & Export Co Ltd ,China,,Room 208B Building 1 Central Renmin Road Zhangjiagang Jiangsu 215600 China,+86 512 58915288,+86 512 58911091
ZHING TARD SDN BHD ,ZHING TARD SDN BHD ,Malaysia,,118 LENGKOK KAMPUNG JAWA 2 TAMAN PERINDUSTRIAN BAYAN LEPAS GEORGETOWN PULAU PINANG 11900 Malaysia,6046467916,6046467917
Zima Tovarna scetk d d,Zima Tovarna scetk d d,Slovenia,,Ulica Mirka Vadnova 6 Kranj 4000 Slovenia,+386 4 2529553,+386 4 2529551
Zuna Corporation,Zuna Corporation,"Korea, South",,459 8 Mangwon dong Mapo Ku Seoul 121 889 Korea South,+82 23 374278,+82 23 374277
